{"episodes": [{"episode": 0, "num_nodes": 1, "steps": [{"state": [0.398, 0.1, 0.3, 0.0, 0.35, 0.2, 1.0, 0.0, 0.0, 0.9, 0.4, 0.6, 0.0, 0.0, 0.5666666666666667, 0.15, 0.0, 0.18, 0.1, 0.47355527638190953, 0.1, 0.0, 0.9666666666666667, 0.0, 0.0, 0.2, 0.96, 0.55, 0.1, 1.0, 0.2, 0.35, 0.2, 0.15078, 1.0, 1.0, 1.0, 1.0, 0.0, 1.0], "action": [0.0, 1.0, 0.0, 0.0, 0.0, 0.0, 0.0, 0.0, 0.0, 0.0], "reward": 0.5}]}, {"episode": 1, "num_nodes": 1, "steps": [{"state": [0.39, 0.1, 0.36666666666666664, 0.0, 0.15, 0.2, 0.95, 0.0, 0.0, 0.9, 0.5, 0.5, 0.2, 0.0, 0.6666666666666666, 0.1, 0.0, 0.18, 0.6, 0.49288461538461537, 0.1, 0.0, 0.9333333333333333, 0.0, 0.0, 0.3, 1.0, 0.45, 0.15, 1.0, 0.2, 1.0, 0.2, 0.15378, 1.0, 1.0, 1.0, 1.0, 0.0, 1.0], "action": [0.0, 1.0, 0.0, 0.0, 0.0, 0.0, 0.0, 0.0, 0.0, 0.0], "reward": 0.5}]}, {"episode": 2, "num_nodes": 1, "steps": [{"state": [0.342, 0.1, 0.36666666666666664, 0.0, 0.25, 0.2, 0.8, 0.3, 0.0, 1.0, 0.0, 0.0, 0.0, 0.0, 0.5, 0.35, 0.0, 0.12, 0.1, 0.5926169590643274, 0.1, 0.0, 0.6666666666666666, 0.0, 0.0, 0.55, 1.0, 0.43, 0.25, 1.0, 0.2, 1.0, 0.6, 0.16214, 1.0, 1.0, 0.0, 1.0, 0.0, 1.0], "action": [0.0, 1.0, 0.0, 0.0, 0.0, 0.0, 0.0, 0.0, 0.0, 0.0], "reward": 0.5}]}, {"episode": 3, "num_nodes": 1, "steps": [{"state": [0.196, 0.1, 0.23333333333333334, 0.0, 0.2, 0.2, 0.35, 0.0, 0.0, 1.0, 0.0, 0.0, 0.1, 0.1, 0.13333333333333333, 0.1, 0.0, 0.12, 0.1, 0.5262755102040816, 0.1, 0.0, 0.3333333333333333, 0.0, 0.0, 0.3, 0.7, 0.29, 0.0, 0.95, 0.2, 0.8, 0.25, 0.08252, 1.0, 1.0, 1.0, 1.0, 0.0, 1.0], "action": [0.0, 1.0, 0.0, 0.0, 0.0, 0.0, 0.0, 0.0, 0.0, 0.0], "reward": 0.5}]}], "config": {"input_dim": 40, "output_dim": 10, "domain": "browser", "samples": 4, "source": "real_python_files"}}